year,month,week_number,day,full_date,quarter,day_of_week,is_weekend,date_key
2015,7,27,1,2015-07-01,3,3,0,1
2015,7,27,2,2015-07-02,3,4,0,34
2015,7,27,3,2015-07-03,3,5,0,66
2015,7,27,4,2015-07-04,3,6,1,101
2015,7,28,5,2015-07-05,3,7,1,132
2015,7,28,6,2015-07-06,3,1,0,161
2015,7,28,7,2015-07-07,3,2,0,194
2015,7,28,8,2015-07-08,3,3,0,211
2015,7,28,9,2015-07-09,3,4,0,231
2015,7,28,10,2015-07-10,3,5,0,249
2015,7,28,11,2015-07-11,3,6,1,281
2015,7,29,12,2015-07-12,3,7,1,308
2015,7,29,13,2015-07-13,3,1,0,347
2015,7,29,14,2015-07-14,3,2,0,387
2015,7,29,15,2015-07-15,3,3,0,409
2015,7,29,16,2015-07-16,3,4,0,435
2015,7,29,17,2015-07-17,3,5,0,460
2015,7,29,18,2015-07-18,3,6,1,509
2015,7,30,19,2015-07-19,3,7,1,539
2015,7,30,20,2015-07-20,3,1,0,567
2015,7,30,21,2015-07-21,3,2,0,600
2015,7,30,22,2015-07-22,3,3,0,612
2015,7,30,23,2015-07-23,3,4,0,619
2015,7,30,24,2015-07-24,3,5,0,634
2015,7,30,25,2015-07-25,3,6,1,666
2015,7,31,26,2015-07-26,3,7,1,708
2015,7,31,27,2015-07-27,3,1,0,723
2015,7,31,28,2015-07-28,3,2,0,761
2015,7,31,29,2015-07-29,3,3,0,775
2015,7,31,30,2015-07-30,3,4,0,795
2015,7,31,31,2015-07-31,3,5,0,815
2015,8,31,1,2015-08-01,3,6,1,843
2015,8,32,2,2015-08-02,3,7,1,871
2015,8,32,3,2015-08-03,3,1,0,883
2015,8,32,4,2015-08-04,3,2,0,894
2015,8,32,5,2015-08-05,3,3,0,908
2015,8,32,6,2015-08-06,3,4,0,922
2015,8,32,7,2015-08-07,3,5,0,935
2015,8,32,8,2015-08-08,3,6,1,957
2015,8,33,9,2015-08-09,3,7,1,985
2015,8,33,10,2015-08-10,3,1,0,1008
2015,8,33,11,2015-08-11,3,2,0,1030
2015,8,33,12,2015-08-12,3,3,0,1060
2015,8,33,13,2015-08-13,3,4,0,1074
2015,8,33,14,2015-08-14,3,5,0,1094
2015,8,33,15,2015-08-15,3,6,1,1118
2015,8,34,16,2015-08-16,3,7,1,1151
2015,8,34,17,2015-08-17,3,1,0,1178
2015,8,34,18,2015-08-18,3,2,0,1197
2015,8,34,19,2015-08-19,3,3,0,1216
2015,8,34,20,2015-08-20,3,4,0,1231
2015,8,34,21,2015-08-21,3,5,0,1242
2015,8,34,22,2015-08-22,3,6,1,1267
2015,8,35,23,2015-08-23,3,7,1,1296
2015,8,35,24,2015-08-24,3,1,0,1319
2015,8,35,25,2015-08-25,3,2,0,1342
2015,8,35,26,2015-08-26,3,3,0,1355
2015,8,35,27,2015-08-27,3,4,0,1367
2015,8,35,28,2015-08-28,3,5,0,1388
2015,8,35,29,2015-08-29,3,6,1,1429
2015,8,36,30,2015-08-30,3,7,1,1446
2015,8,36,31,2015-08-31,3,1,0,1465
2015,9,36,1,2015-09-01,3,2,0,1486
2015,9,36,2,2015-09-02,3,3,0,1518
2015,9,36,3,2015-09-03,3,4,0,1529
2015,9,36,4,2015-09-04,3,5,0,1556
2015,9,36,5,2015-09-05,3,6,1,1582
2015,9,37,6,2015-09-06,3,7,1,1610
2015,9,37,7,2015-09-07,3,1,0,1645
2015,9,37,8,2015-09-08,3,2,0,1659
2015,9,37,9,2015-09-09,3,3,0,1674
2015,9,37,10,2015-09-10,3,4,0,1694
2015,9,37,11,2015-09-11,3,5,0,1723
2015,9,37,12,2015-09-12,3,6,1,1742
2015,9,38,13,2015-09-13,3,7,1,1757
2015,9,38,14,2015-09-14,3,1,0,1778
2015,9,38,15,2015-09-15,3,2,0,1793
2015,9,38,16,2015-09-16,3,3,0,1806
2015,9,38,17,2015-09-17,3,4,0,1834
2015,9,38,18,2015-09-18,3,5,0,1858
2015,9,38,19,2015-09-19,3,6,1,1872
2015,9,39,20,2015-09-20,3,7,1,1892
2015,9,39,21,2015-09-21,3,1,0,1905
2015,9,39,22,2015-09-22,3,2,0,1932
2015,9,39,23,2015-09-23,3,3,0,1943
2015,9,39,24,2015-09-24,3,4,0,1958
2015,9,39,25,2015-09-25,3,5,0,1970
2015,9,39,26,2015-09-26,3,6,1,1991
2015,9,40,27,2015-09-27,3,7,1,2009
2015,9,40,28,2015-09-28,3,1,0,2027
2015,9,40,29,2015-09-29,3,2,0,2046
2015,9,40,30,2015-09-30,3,3,0,2061
2015,10,40,1,2015-10-01,4,4,0,2088
2015,10,40,2,2015-10-02,4,5,0,2112
2015,10,40,3,2015-10-03,4,6,1,2133
2015,10,41,4,2015-10-04,4,7,1,2171
2015,10,41,5,2015-10-05,4,1,0,2200
2015,10,41,6,2015-10-06,4,2,0,2216
2015,10,41,7,2015-10-07,4,3,0,2235
2015,10,41,8,2015-10-08,4,4,0,2255
2015,10,41,9,2015-10-09,4,5,0,2287
2015,10,41,10,2015-10-10,4,6,1,2347
2015,10,42,11,2015-10-11,4,7,1,2386
2015,10,42,12,2015-10-12,4,1,0,2409
2015,10,42,13,2015-10-13,4,2,0,2423
2015,10,42,14,2015-10-14,4,3,0,2432
2015,10,42,15,2015-10-15,4,4,0,2440
2015,10,42,16,2015-10-16,4,5,0,2444
2015,10,42,17,2015-10-17,4,6,1,2456
2015,10,43,18,2015-10-18,4,7,1,2460
2015,10,43,19,2015-10-19,4,1,0,2475
2015,10,43,20,2015-10-20,4,2,0,2518
2015,10,43,21,2015-10-21,4,3,0,2531
2015,10,43,22,2015-10-22,4,4,0,2558
2015,10,43,23,2015-10-23,4,5,0,2590
2015,10,43,24,2015-10-24,4,6,1,2625
2015,10,44,25,2015-10-25,4,7,1,2686
2015,10,44,26,2015-10-26,4,1,0,2692
2015,10,44,27,2015-10-27,4,2,0,2704
2015,10,44,28,2015-10-28,4,3,0,2720
2015,10,44,29,2015-10-29,4,4,0,2730
2015,10,44,30,2015-10-30,4,5,0,2743
2015,10,44,31,2015-10-31,4,6,1,2767
2015,11,45,1,2015-11-01,4,7,1,2836
2015,11,45,2,2015-11-02,4,1,0,2845
2015,11,45,3,2015-11-03,4,2,0,2860
2015,11,45,4,2015-11-04,4,3,0,2886
2015,11,45,5,2015-11-05,4,4,0,2894
2015,11,45,6,2015-11-06,4,5,0,2902
2015,11,45,7,2015-11-07,4,6,1,2920
2015,11,46,8,2015-11-08,4,7,1,2959
2015,11,46,9,2015-11-09,4,1,0,2974
2015,11,46,10,2015-11-10,4,2,0,2991
2015,11,46,11,2015-11-11,4,3,0,2999
2015,11,46,12,2015-11-12,4,4,0,3035
2015,11,46,13,2015-11-13,4,5,0,3070
2015,11,46,14,2015-11-14,4,6,1,3080
2015,11,47,15,2015-11-15,4,7,1,3085
2015,11,47,16,2015-11-16,4,1,0,3090
2015,11,47,17,2015-11-17,4,2,0,3101
2015,11,47,18,2015-11-18,4,3,0,3105
2015,11,47,19,2015-11-19,4,4,0,3135
2015,11,47,20,2015-11-20,4,5,0,3144
2015,11,47,21,2015-11-21,4,6,1,3184
2015,11,48,23,2015-11-23,4,1,0,3234
2015,11,48,24,2015-11-24,4,2,0,3241
2015,11,48,25,2015-11-25,4,3,0,3244
2015,11,48,26,2015-11-26,4,4,0,3245
2015,11,48,27,2015-11-27,4,5,0,3256
2015,11,48,28,2015-11-28,4,6,1,3260
2015,11,49,29,2015-11-29,4,7,1,3267
2015,11,49,30,2015-11-30,4,1,0,3268
2015,12,49,1,2015-12-01,4,2,0,3272
2015,12,49,2,2015-12-02,4,3,0,3276
2015,12,49,3,2015-12-03,4,4,0,3282
2015,12,49,4,2015-12-04,4,5,0,3290
2015,12,49,5,2015-12-05,4,6,1,3304
2015,12,50,6,2015-12-06,4,7,1,3428
2015,12,50,7,2015-12-07,4,1,0,3443
2015,12,50,8,2015-12-08,4,2,0,3447
2015,12,50,10,2015-12-10,4,4,0,3448
2015,12,50,11,2015-12-11,4,5,0,3456
2015,12,50,12,2015-12-12,4,6,1,3458
2015,12,51,13,2015-12-13,4,7,1,3460
2015,12,51,14,2015-12-14,4,1,0,3461
2015,12,51,15,2015-12-15,4,2,0,3464
2015,12,51,17,2015-12-17,4,4,0,3465
2015,12,51,18,2015-12-18,4,5,0,3472
2015,12,51,19,2015-12-19,4,6,1,3476
2015,12,52,20,2015-12-20,4,7,1,3504
2015,12,52,21,2015-12-21,4,1,0,3514
2015,12,52,22,2015-12-22,4,2,0,3526
2015,12,52,23,2015-12-23,4,3,0,3554
2015,12,52,24,2015-12-24,4,4,0,3566
2015,12,52,25,2015-12-25,4,5,0,3589
2015,12,52,26,2015-12-26,4,6,1,3613
2015,12,53,27,2015-12-27,4,7,1,3623
2015,12,53,28,2015-12-28,4,1,0,3628
2015,12,53,29,2015-12-29,4,2,0,3645
2015,12,53,30,2015-12-30,4,3,0,3648
2015,12,53,31,2015-12-31,4,4,0,3711
2016,1,1,1,2016-01-01,1,5,0,3739
2016,1,1,2,2016-01-02,1,6,1,3746
2016,1,2,3,2016-01-03,1,7,1,3772
2016,1,2,4,2016-01-04,1,1,0,3774
2016,1,2,5,2016-01-05,1,2,0,3783
2016,1,2,6,2016-01-06,1,3,0,3786
2016,1,2,7,2016-01-07,1,4,0,3791
2016,1,2,8,2016-01-08,1,5,0,3795
2016,1,2,9,2016-01-09,1,6,1,3806
2016,1,3,10,2016-01-10,1,7,1,3814
2016,1,3,12,2016-01-12,1,2,0,3816
2016,1,3,13,2016-01-13,1,3,0,3822
2016,1,3,14,2016-01-14,1,4,0,3826
2016,1,3,15,2016-01-15,1,5,0,3827
2016,1,3,16,2016-01-16,1,6,1,3829
2016,1,4,17,2016-01-17,1,7,1,3831
2016,1,4,18,2016-01-18,1,1,0,3833
2016,1,4,19,2016-01-19,1,2,0,3835
2016,1,4,21,2016-01-21,1,4,0,3836
2016,1,4,22,2016-01-22,1,5,0,3839
2016,1,4,23,2016-01-23,1,6,1,3844
2016,1,5,25,2016-01-25,1,1,0,3846
2016,1,5,26,2016-01-26,1,2,0,3849
2016,1,5,27,2016-01-27,1,3,0,3853
2016,1,5,28,2016-01-28,1,4,0,3855
2016,1,5,29,2016-01-29,1,5,0,3860
2016,1,5,30,2016-01-30,1,6,1,3863
2016,1,6,31,2016-01-31,1,7,1,3864
2016,2,6,1,2016-02-01,1,1,0,3865
2016,2,6,2,2016-02-02,1,2,0,3872
2016,2,6,3,2016-02-03,1,3,0,3874
2016,2,6,4,2016-02-04,1,4,0,3881
2016,2,6,5,2016-02-05,1,5,0,3887
2016,2,6,6,2016-02-06,1,6,1,3895
2016,2,7,7,2016-02-07,1,7,1,3928
2016,2,7,8,2016-02-08,1,1,0,3929
2016,2,7,9,2016-02-09,1,2,0,3942
2016,2,7,10,2016-02-10,1,3,0,3962
2016,2,7,11,2016-02-11,1,4,0,3968
2016,2,7,12,2016-02-12,1,5,0,3988
2016,2,7,13,2016-02-13,1,6,1,4108
2016,2,8,14,2016-02-14,1,7,1,4117
2016,2,8,15,2016-02-15,1,1,0,4128
2016,2,8,16,2016-02-16,1,2,0,4138
2016,2,8,17,2016-02-17,1,3,0,4140
2016,2,8,18,2016-02-18,1,4,0,4144
2016,2,8,19,2016-02-19,1,5,0,4145
2016,2,8,20,2016-02-20,1,6,1,4155
2016,2,9,21,2016-02-21,1,7,1,4164
2016,2,9,22,2016-02-22,1,1,0,4168
2016,2,9,23,2016-02-23,1,2,0,4174
2016,2,9,24,2016-02-24,1,3,0,4176
2016,2,9,25,2016-02-25,1,4,0,4179
2016,2,9,26,2016-02-26,1,5,0,4184
2016,2,9,27,2016-02-27,1,6,1,4226
2016,2,10,28,2016-02-28,1,7,1,4267
2016,2,10,29,2016-02-29,1,1,0,4273
2016,3,10,1,2016-03-01,1,2,0,4276
2016,3,10,2,2016-03-02,1,3,0,4289
2016,3,10,3,2016-03-03,1,4,0,4312
2016,3,10,4,2016-03-04,1,5,0,4315
2016,3,10,5,2016-03-05,1,6,1,4339
2016,3,11,7,2016-03-07,1,1,0,4354
2016,3,11,8,2016-03-08,1,2,0,4367
2016,3,11,9,2016-03-09,1,3,0,4372
2016,3,11,10,2016-03-10,1,4,0,4381
2016,3,11,11,2016-03-11,1,5,0,4384
2016,3,11,12,2016-03-12,1,6,1,4398
2016,3,12,13,2016-03-13,1,7,1,4407
2016,3,12,14,2016-03-14,1,1,0,4412
2016,3,12,15,2016-03-15,1,2,0,4419
2016,3,12,16,2016-03-16,1,3,0,4424
2016,3,12,17,2016-03-17,1,4,0,4429
2016,3,12,18,2016-03-18,1,5,0,4438
2016,3,12,19,2016-03-19,1,6,1,4450
2016,3,13,20,2016-03-20,1,7,1,4483
2016,3,13,21,2016-03-21,1,1,0,4499
2016,3,13,22,2016-03-22,1,2,0,4513
2016,3,13,23,2016-03-23,1,3,0,4524
2016,3,13,24,2016-03-24,1,4,0,4530
2016,3,13,25,2016-03-25,1,5,0,4654
2016,3,13,26,2016-03-26,1,6,1,4666
2016,3,14,27,2016-03-27,1,7,1,4671
2016,3,14,28,2016-03-28,1,1,0,4684
2016,3,14,29,2016-03-29,1,2,0,4712
2016,3,14,30,2016-03-30,1,3,0,4718
2016,3,14,31,2016-03-31,1,4,0,4737
2016,4,14,1,2016-04-01,2,5,0,4804
2016,4,14,2,2016-04-02,2,6,1,4811
2016,4,15,3,2016-04-03,2,7,1,4818
2016,4,15,4,2016-04-04,2,1,0,4824
2016,4,15,5,2016-04-05,2,2,0,4883
2016,4,15,6,2016-04-06,2,3,0,4889
2016,4,15,7,2016-04-07,2,4,0,4890
2016,4,15,8,2016-04-08,2,5,0,4911
2016,4,15,9,2016-04-09,2,6,1,4919
2016,4,16,10,2016-04-10,2,7,1,4942
2016,4,16,11,2016-04-11,2,1,0,4968
2016,4,16,12,2016-04-12,2,2,0,5005
2016,4,16,13,2016-04-13,2,3,0,5035
2016,4,16,14,2016-04-14,2,4,0,5037
2016,4,16,15,2016-04-15,2,5,0,5040
2016,4,16,16,2016-04-16,2,6,1,5047
2016,4,17,17,2016-04-17,2,7,1,5095
2016,4,17,18,2016-04-18,2,1,0,5102
2016,4,17,19,2016-04-19,2,2,0,5160
2016,4,17,20,2016-04-20,2,3,0,5192
2016,4,17,21,2016-04-21,2,4,0,5194
2016,4,17,22,2016-04-22,2,5,0,5205
2016,4,17,23,2016-04-23,2,6,1,5258
2016,4,18,24,2016-04-24,2,7,1,5281
2016,4,18,25,2016-04-25,2,1,0,5313
2016,4,18,26,2016-04-26,2,2,0,5347
2016,4,18,27,2016-04-27,2,3,0,5373
2016,4,18,28,2016-04-28,2,4,0,5387
2016,4,18,29,2016-04-29,2,5,0,5418
2016,4,18,30,2016-04-30,2,6,1,5482
2016,5,19,1,2016-05-01,2,7,1,5522
2016,5,19,2,2016-05-02,2,1,0,5531
2016,5,19,3,2016-05-03,2,2,0,5590
2016,5,19,4,2016-05-04,2,3,0,5600
2016,5,19,5,2016-05-05,2,4,0,5604
2016,5,19,6,2016-05-06,2,5,0,5617
2016,5,19,7,2016-05-07,2,6,1,5636
2016,5,20,8,2016-05-08,2,7,1,5650
2016,5,20,9,2016-05-09,2,1,0,5666
2016,5,20,10,2016-05-10,2,2,0,5677
2016,5,20,11,2016-05-11,2,3,0,5700
2016,5,20,12,2016-05-12,2,4,0,5705
2016,5,20,13,2016-05-13,2,5,0,5765
2016,5,20,14,2016-05-14,2,6,1,5781
2016,5,21,15,2016-05-15,2,7,1,5835
2016,5,21,16,2016-05-16,2,1,0,5873
2016,5,21,17,2016-05-17,2,2,0,5940
2016,5,21,18,2016-05-18,2,3,0,5960
2016,5,21,19,2016-05-19,2,4,0,5990
2016,5,21,20,2016-05-20,2,5,0,6007
2016,5,21,21,2016-05-21,2,6,1,6017
2016,5,22,22,2016-05-22,2,7,1,6040
2016,5,22,23,2016-05-23,2,1,0,6047
2016,5,22,24,2016-05-24,2,2,0,6059
2016,5,22,25,2016-05-25,2,3,0,6092
2016,5,22,26,2016-05-26,2,4,0,6115
2016,5,22,27,2016-05-27,2,5,0,6162
2016,5,22,28,2016-05-28,2,6,1,6191
2016,5,23,29,2016-05-29,2,7,1,6227
2016,5,23,30,2016-05-30,2,1,0,6235
2016,5,23,31,2016-05-31,2,2,0,6254
2016,6,23,1,2016-06-01,2,3,0,6276
2016,6,23,2,2016-06-02,2,4,0,6303
2016,6,23,3,2016-06-03,2,5,0,6311
2016,6,23,4,2016-06-04,2,6,1,6341
2016,6,24,5,2016-06-05,2,7,1,6356
2016,6,24,6,2016-06-06,2,1,0,6369
2016,6,24,7,2016-06-07,2,2,0,6384
2016,6,24,8,2016-06-08,2,3,0,6400
2016,6,24,9,2016-06-09,2,4,0,6410
2016,6,24,10,2016-06-10,2,5,0,6418
2016,6,24,11,2016-06-11,2,6,1,6433
2016,6,25,12,2016-06-12,2,7,1,6449
2016,6,25,13,2016-06-13,2,1,0,6489
2016,6,25,14,2016-06-14,2,2,0,6514
2016,6,25,15,2016-06-15,2,3,0,6524
2016,6,25,16,2016-06-16,2,4,0,6532
2016,6,25,17,2016-06-17,2,5,0,6543
2016,6,25,18,2016-06-18,2,6,1,6564
2016,6,26,19,2016-06-19,2,7,1,6587
2016,6,26,20,2016-06-20,2,1,0,6598
2016,6,26,21,2016-06-21,2,2,0,6618
2016,6,26,22,2016-06-22,2,3,0,6637
2016,6,26,23,2016-06-23,2,4,0,6674
2016,6,26,24,2016-06-24,2,5,0,6682
2016,6,26,25,2016-06-25,2,6,1,6692
2016,6,27,26,2016-06-26,2,7,1,6710
2016,6,27,27,2016-06-27,2,1,0,6724
2016,6,27,28,2016-06-28,2,2,0,6740
2016,6,27,29,2016-06-29,2,3,0,6754
2016,6,27,30,2016-06-30,2,4,0,6759
2016,7,27,1,2016-07-01,3,5,0,6766
2016,7,27,2,2016-07-02,3,6,1,6783
2016,7,28,3,2016-07-03,3,7,1,6807
2016,7,28,4,2016-07-04,3,1,0,6819
2016,7,28,5,2016-07-05,3,2,0,6837
2016,7,28,6,2016-07-06,3,3,0,6844
2016,7,28,7,2016-07-07,3,4,0,6851
2016,7,28,8,2016-07-08,3,5,0,6861
2016,7,28,9,2016-07-09,3,6,1,6882
2016,7,29,10,2016-07-10,3,7,1,6900
2016,7,29,11,2016-07-11,3,1,0,6909
2016,7,29,12,2016-07-12,3,2,0,6926
2016,7,29,13,2016-07-13,3,3,0,6947
2016,7,29,14,2016-07-14,3,4,0,6958
2016,7,29,15,2016-07-15,3,5,0,6973
2016,7,29,16,2016-07-16,3,6,1,6995
2016,7,30,17,2016-07-17,3,7,1,7027
2016,7,30,18,2016-07-18,3,1,0,7045
2016,7,30,19,2016-07-19,3,2,0,7071
2016,7,30,20,2016-07-20,3,3,0,7080
2016,7,30,21,2016-07-21,3,4,0,7092
2016,7,30,22,2016-07-22,3,5,0,7108
2016,7,30,23,2016-07-23,3,6,1,7125
2016,7,31,24,2016-07-24,3,7,1,7149
2016,7,31,25,2016-07-25,3,1,0,7166
2016,7,31,26,2016-07-26,3,2,0,7191
2016,7,31,27,2016-07-27,3,3,0,7200
2016,7,31,28,2016-07-28,3,4,0,7211
2016,7,31,29,2016-07-29,3,5,0,7224
2016,7,31,30,2016-07-30,3,6,1,7236
2016,7,32,31,2016-07-31,3,7,1,7258
2016,8,32,1,2016-08-01,3,1,0,7271
2016,8,32,2,2016-08-02,3,2,0,7305
2016,8,32,3,2016-08-03,3,3,0,7325
2016,8,32,4,2016-08-04,3,4,0,7335
2016,8,32,5,2016-08-05,3,5,0,7349
2016,8,32,6,2016-08-06,3,6,1,7370
2016,8,33,7,2016-08-07,3,7,1,7389
2016,8,33,8,2016-08-08,3,1,0,7409
2016,8,33,9,2016-08-09,3,2,0,7435
2016,8,33,10,2016-08-10,3,3,0,7446
2016,8,33,11,2016-08-11,3,4,0,7467
2016,8,33,12,2016-08-12,3,5,0,7486
2016,8,33,13,2016-08-13,3,6,1,7509
2016,8,34,14,2016-08-14,3,7,1,7546
2016,8,34,15,2016-08-15,3,1,0,7562
2016,8,34,16,2016-08-16,3,2,0,7596
2016,8,34,17,2016-08-17,3,3,0,7621
2016,8,34,18,2016-08-18,3,4,0,7639
2016,8,34,19,2016-08-19,3,5,0,7662
2016,8,34,20,2016-08-20,3,6,1,7673
2016,8,35,21,2016-08-21,3,7,1,7697
2016,8,35,22,2016-08-22,3,1,0,7709
2016,8,35,23,2016-08-23,3,2,0,7732
2016,8,35,24,2016-08-24,3,3,0,7743
2016,8,35,25,2016-08-25,3,4,0,7756
2016,8,35,26,2016-08-26,3,5,0,7769
2016,8,35,27,2016-08-27,3,6,1,7794
2016,8,36,28,2016-08-28,3,7,1,7813
2016,8,36,29,2016-08-29,3,1,0,7829
2016,8,36,30,2016-08-30,3,2,0,7853
2016,8,36,31,2016-08-31,3,3,0,7871
2016,9,36,1,2016-09-01,3,4,0,7880
2016,9,36,2,2016-09-02,3,5,0,7908
2016,9,36,3,2016-09-03,3,6,1,7937
2016,9,37,4,2016-09-04,3,7,1,7947
2016,9,37,5,2016-09-05,3,1,0,7964
2016,9,37,6,2016-09-06,3,2,0,7981
2016,9,37,7,2016-09-07,3,3,0,7988
2016,9,37,8,2016-09-08,3,4,0,8048
2016,9,37,9,2016-09-09,3,5,0,8062
2016,9,37,10,2016-09-10,3,6,1,8074
2016,9,38,11,2016-09-11,3,7,1,8088
2016,9,38,12,2016-09-12,3,1,0,8114
2016,9,38,13,2016-09-13,3,2,0,8131
2016,9,38,14,2016-09-14,3,3,0,8138
2016,9,38,15,2016-09-15,3,4,0,8157
2016,9,38,16,2016-09-16,3,5,0,8193
2016,9,38,17,2016-09-17,3,6,1,8206
2016,9,39,18,2016-09-18,3,7,1,8210
2016,9,39,19,2016-09-19,3,1,0,8226
2016,9,39,20,2016-09-20,3,2,0,8252
2016,9,39,21,2016-09-21,3,3,0,8270
2016,9,39,22,2016-09-22,3,4,0,8334
2016,9,39,23,2016-09-23,3,5,0,8345
2016,9,39,24,2016-09-24,3,6,1,8364
2016,9,40,25,2016-09-25,3,7,1,8379
2016,9,40,26,2016-09-26,3,1,0,8390
2016,9,40,27,2016-09-27,3,2,0,8432
2016,9,40,28,2016-09-28,3,3,0,8440
2016,9,40,29,2016-09-29,3,4,0,8449
2016,9,40,30,2016-09-30,3,5,0,8454
2016,10,40,1,2016-10-01,4,6,1,8483
2016,10,41,2,2016-10-02,4,7,1,8508
2016,10,41,3,2016-10-03,4,1,0,8514
2016,10,41,4,2016-10-04,4,2,0,8528
2016,10,41,5,2016-10-05,4,3,0,8535
2016,10,41,6,2016-10-06,4,4,0,8546
2016,10,41,7,2016-10-07,4,5,0,8604
2016,10,41,8,2016-10-08,4,6,1,8614
2016,10,42,9,2016-10-09,4,7,1,8657
2016,10,42,10,2016-10-10,4,1,0,8712
2016,10,42,11,2016-10-11,4,2,0,8716
2016,10,42,12,2016-10-12,4,3,0,8729
2016,10,42,13,2016-10-13,4,4,0,8780
2016,10,42,14,2016-10-14,4,5,0,8786
2016,10,42,15,2016-10-15,4,6,1,8803
2016,10,43,16,2016-10-16,4,7,1,8827
2016,10,43,17,2016-10-17,4,1,0,8859
2016,10,43,18,2016-10-18,4,2,0,8877
2016,10,43,19,2016-10-19,4,3,0,8897
2016,10,43,20,2016-10-20,4,4,0,8915
2016,10,43,21,2016-10-21,4,5,0,8935
2016,10,43,22,2016-10-22,4,6,1,8958
2016,10,44,23,2016-10-23,4,7,1,9017
2016,10,44,24,2016-10-24,4,1,0,9027
2016,10,44,25,2016-10-25,4,2,0,9047
2016,10,44,26,2016-10-26,4,3,0,9056
2016,10,44,27,2016-10-27,4,4,0,9075
2016,10,44,28,2016-10-28,4,5,0,9110
2016,10,44,29,2016-10-29,4,6,1,9134
2016,10,45,30,2016-10-30,4,7,1,9156
2016,10,45,31,2016-10-31,4,1,0,9167
2016,11,45,1,2016-11-01,4,2,0,9178
2016,11,45,2,2016-11-02,4,3,0,9200
2016,11,45,3,2016-11-03,4,4,0,9209
2016,11,45,4,2016-11-04,4,5,0,9229
2016,11,45,5,2016-11-05,4,6,1,9237
2016,11,46,6,2016-11-06,4,7,1,9266
2016,11,46,7,2016-11-07,4,1,0,9274
2016,11,46,8,2016-11-08,4,2,0,9282
2016,11,46,9,2016-11-09,4,3,0,9290
2016,11,46,10,2016-11-10,4,4,0,9292
2016,11,46,11,2016-11-11,4,5,0,9307
2016,11,46,12,2016-11-12,4,6,1,9319
2016,11,47,14,2016-11-14,4,1,0,9336
2016,11,47,15,2016-11-15,4,2,0,9344
2016,11,47,16,2016-11-16,4,3,0,9345
2016,11,47,17,2016-11-17,4,4,0,9348
2016,11,47,18,2016-11-18,4,5,0,9360
2016,11,47,19,2016-11-19,4,6,1,9370
2016,11,48,20,2016-11-20,4,7,1,9375
2016,11,48,21,2016-11-21,4,1,0,9377
2016,11,48,22,2016-11-22,4,2,0,9387
2016,11,48,23,2016-11-23,4,3,0,9391
2016,11,48,24,2016-11-24,4,4,0,9397
2016,11,48,25,2016-11-25,4,5,0,9404
2016,11,48,26,2016-11-26,4,6,1,9412
2016,11,49,27,2016-11-27,4,7,1,9434
2016,11,49,28,2016-11-28,4,1,0,9438
2016,11,49,29,2016-11-29,4,2,0,9440
2016,11,49,30,2016-11-30,4,3,0,9448
2016,12,49,1,2016-12-01,4,4,0,9454
2016,12,49,2,2016-12-02,4,5,0,9461
2016,12,49,3,2016-12-03,4,6,1,9466
2016,12,50,4,2016-12-04,4,7,1,9508
2016,12,50,5,2016-12-05,4,1,0,9509
2016,12,50,6,2016-12-06,4,2,0,9520
2016,12,50,7,2016-12-07,4,3,0,9527
2016,12,50,8,2016-12-08,4,4,0,9533
2016,12,50,9,2016-12-09,4,5,0,9553
2016,12,50,10,2016-12-10,4,6,1,9556
2016,12,51,11,2016-12-11,4,7,1,9564
2016,12,51,12,2016-12-12,4,1,0,9567
2016,12,51,13,2016-12-13,4,2,0,9571
2016,12,51,14,2016-12-14,4,3,0,9573
2016,12,51,15,2016-12-15,4,4,0,9574
2016,12,51,16,2016-12-16,4,5,0,9579
2016,12,51,17,2016-12-17,4,6,1,9585
2016,12,52,18,2016-12-18,4,7,1,9600
2016,12,52,19,2016-12-19,4,1,0,9604
2016,12,52,20,2016-12-20,4,2,0,9611
2016,12,52,21,2016-12-21,4,3,0,9624
2016,12,52,22,2016-12-22,4,4,0,9632
2016,12,52,23,2016-12-23,4,5,0,9647
2016,12,52,24,2016-12-24,4,6,1,9667
2016,12,53,25,2016-12-25,4,7,1,9683
2016,12,53,26,2016-12-26,4,1,0,9685
2016,12,53,27,2016-12-27,4,2,0,9706
2016,12,53,28,2016-12-28,4,3,0,9713
2016,12,53,29,2016-12-29,4,4,0,9721
2016,12,53,30,2016-12-30,4,5,0,9727
2016,12,53,31,2016-12-31,4,6,1,9769
2017,1,1,1,2017-01-01,1,7,1,9776
2017,1,1,2,2017-01-02,1,1,0,9786
2017,1,1,3,2017-01-03,1,2,0,9799
2017,1,1,4,2017-01-04,1,3,0,9806
2017,1,1,5,2017-01-05,1,4,0,9813
2017,1,1,6,2017-01-06,1,5,0,9817
2017,1,1,7,2017-01-07,1,6,1,9822
2017,1,2,8,2017-01-08,1,7,1,9829
2017,1,2,9,2017-01-09,1,1,0,9834
2017,1,2,10,2017-01-10,1,2,0,9839
2017,1,2,11,2017-01-11,1,3,0,9841
2017,1,2,12,2017-01-12,1,4,0,9849
2017,1,2,13,2017-01-13,1,5,0,9853
2017,1,2,14,2017-01-14,1,6,1,9856
2017,1,3,15,2017-01-15,1,7,1,9870
2017,1,3,16,2017-01-16,1,1,0,9871
2017,1,3,17,2017-01-17,1,2,0,9889
2017,1,3,18,2017-01-18,1,3,0,9894
2017,1,3,19,2017-01-19,1,4,0,9896
2017,1,3,20,2017-01-20,1,5,0,9902
2017,1,3,21,2017-01-21,1,6,1,9910
2017,1,4,22,2017-01-22,1,7,1,9912
2017,1,4,23,2017-01-23,1,1,0,9916
2017,1,4,24,2017-01-24,1,2,0,9922
2017,1,4,25,2017-01-25,1,3,0,9925
2017,1,4,26,2017-01-26,1,4,0,9928
2017,1,4,27,2017-01-27,1,5,0,9931
2017,1,4,28,2017-01-28,1,6,1,9943
2017,1,5,29,2017-01-29,1,7,1,9963
2017,1,5,30,2017-01-30,1,1,0,9967
2017,1,5,31,2017-01-31,1,2,0,9975
2017,2,5,1,2017-02-01,1,3,0,9979
2017,2,5,2,2017-02-02,1,4,0,9984
2017,2,5,3,2017-02-03,1,5,0,9991
2017,2,5,4,2017-02-04,1,6,1,9998
2017,2,6,5,2017-02-05,1,7,1,10013
2017,2,6,6,2017-02-06,1,1,0,10017
2017,2,6,7,2017-02-07,1,2,0,10028
2017,2,6,8,2017-02-08,1,3,0,10033
2017,2,6,9,2017-02-09,1,4,0,10039
2017,2,6,10,2017-02-10,1,5,0,10042
2017,2,6,11,2017-02-11,1,6,1,10085
2017,2,7,12,2017-02-12,1,7,1,10102
2017,2,7,13,2017-02-13,1,1,0,10110
2017,2,7,14,2017-02-14,1,2,0,10123
2017,2,7,15,2017-02-15,1,3,0,10134
2017,2,7,16,2017-02-16,1,4,0,10138
2017,2,7,17,2017-02-17,1,5,0,10150
2017,2,7,18,2017-02-18,1,6,1,10170
2017,2,8,19,2017-02-19,1,7,1,10196
2017,2,8,20,2017-02-20,1,1,0,10213
2017,2,8,21,2017-02-21,1,2,0,10222
2017,2,8,22,2017-02-22,1,3,0,10229
2017,2,8,23,2017-02-23,1,4,0,10251
2017,2,8,24,2017-02-24,1,5,0,10270
2017,2,8,25,2017-02-25,1,6,1,10292
2017,2,9,26,2017-02-26,1,7,1,10325
2017,2,9,27,2017-02-27,1,1,0,10331
2017,2,9,28,2017-02-28,1,2,0,10335
2017,3,9,1,2017-03-01,1,3,0,10362
2017,3,9,2,2017-03-02,1,4,0,10387
2017,3,9,3,2017-03-03,1,5,0,10389
2017,3,9,4,2017-03-04,1,6,1,10395
2017,3,10,5,2017-03-05,1,7,1,10402
2017,3,10,6,2017-03-06,1,1,0,10432
2017,3,10,7,2017-03-07,1,2,0,10437
2017,3,10,8,2017-03-08,1,3,0,10442
2017,3,10,9,2017-03-09,1,4,0,10446
2017,3,10,10,2017-03-10,1,5,0,10494
2017,3,10,11,2017-03-11,1,6,1,10501
2017,3,11,12,2017-03-12,1,7,1,10527
2017,3,11,13,2017-03-13,1,1,0,10535
2017,3,11,14,2017-03-14,1,2,0,10544
2017,3,11,15,2017-03-15,1,3,0,10578
2017,3,11,16,2017-03-16,1,4,0,10587
2017,3,11,17,2017-03-17,1,5,0,10591
2017,3,11,18,2017-03-18,1,6,1,10597
2017,3,12,19,2017-03-19,1,7,1,10610
2017,3,12,20,2017-03-20,1,1,0,10616
2017,3,12,22,2017-03-22,1,3,0,10617
2017,3,12,23,2017-03-23,1,4,0,10620
2017,3,12,24,2017-03-24,1,5,0,10622
2017,3,12,25,2017-03-25,1,6,1,10647
2017,3,13,26,2017-03-26,1,7,1,10656
2017,3,13,27,2017-03-27,1,1,0,10664
2017,3,13,28,2017-03-28,1,2,0,10714
2017,3,13,29,2017-03-29,1,3,0,10724
2017,3,13,30,2017-03-30,1,4,0,10732
2017,3,13,31,2017-03-31,1,5,0,10741
2017,4,13,1,2017-04-01,2,6,1,10753
2017,4,14,2,2017-04-02,2,7,1,10761
2017,4,14,3,2017-04-03,2,1,0,10768
2017,4,14,4,2017-04-04,2,2,0,10794
2017,4,14,5,2017-04-05,2,3,0,10799
2017,4,14,6,2017-04-06,2,4,0,10813
2017,4,14,7,2017-04-07,2,5,0,10826
2017,4,14,8,2017-04-08,2,6,1,10835
2017,4,15,9,2017-04-09,2,7,1,10869
2017,4,15,10,2017-04-10,2,1,0,10912
2017,4,15,11,2017-04-11,2,2,0,10928
2017,4,15,12,2017-04-12,2,3,0,10940
2017,4,15,13,2017-04-13,2,4,0,10952
2017,4,15,14,2017-04-14,2,5,0,10990
2017,4,15,15,2017-04-15,2,6,1,11028
2017,4,16,16,2017-04-16,2,7,1,11046
2017,4,16,17,2017-04-17,2,1,0,11073
2017,4,16,18,2017-04-18,2,2,0,11092
2017,4,16,19,2017-04-19,2,3,0,11103
2017,4,16,20,2017-04-20,2,4,0,11108
2017,4,16,21,2017-04-21,2,5,0,11116
2017,4,16,22,2017-04-22,2,6,1,11127
2017,4,17,23,2017-04-23,2,7,1,11152
2017,4,17,24,2017-04-24,2,1,0,11161
2017,4,17,25,2017-04-25,2,2,0,11164
2017,4,17,26,2017-04-26,2,3,0,11176
2017,4,17,27,2017-04-27,2,4,0,11179
2017,4,17,28,2017-04-28,2,5,0,11191
2017,4,17,29,2017-04-29,2,6,1,11205
2017,4,18,30,2017-04-30,2,7,1,11258
2017,5,18,1,2017-05-01,2,1,0,11289
2017,5,18,2,2017-05-02,2,2,0,11302
2017,5,18,3,2017-05-03,2,3,0,11313
2017,5,18,4,2017-05-04,2,4,0,11344
2017,5,18,5,2017-05-05,2,5,0,11382
2017,5,18,6,2017-05-06,2,6,1,11412
2017,5,19,7,2017-05-07,2,7,1,11423
2017,5,19,8,2017-05-08,2,1,0,11433
2017,5,19,9,2017-05-09,2,2,0,11446
2017,5,19,10,2017-05-10,2,3,0,11473
2017,5,19,11,2017-05-11,2,4,0,11489
2017,5,19,12,2017-05-12,2,5,0,11502
2017,5,19,13,2017-05-13,2,6,1,11510
2017,5,20,14,2017-05-14,2,7,1,11529
2017,5,20,15,2017-05-15,2,1,0,11543
2017,5,20,16,2017-05-16,2,2,0,11552
2017,5,20,17,2017-05-17,2,3,0,11557
2017,5,20,18,2017-05-18,2,4,0,11571
2017,5,20,19,2017-05-19,2,5,0,11583
2017,5,20,20,2017-05-20,2,6,1,11594
2017,5,21,21,2017-05-21,2,7,1,11609
2017,5,21,22,2017-05-22,2,1,0,11626
2017,5,21,23,2017-05-23,2,2,0,11636
2017,5,21,24,2017-05-24,2,3,0,11647
2017,5,21,25,2017-05-25,2,4,0,11656
2017,5,21,26,2017-05-26,2,5,0,11699
2017,5,21,27,2017-05-27,2,6,1,11716
2017,5,22,28,2017-05-28,2,7,1,11739
2017,5,22,29,2017-05-29,2,1,0,11770
2017,5,22,30,2017-05-30,2,2,0,11777
2017,5,22,31,2017-05-31,2,3,0,11800
2017,6,22,1,2017-06-01,2,4,0,11832
2017,6,22,2,2017-06-02,2,5,0,11854
2017,6,22,3,2017-06-03,2,6,1,11891
2017,6,23,4,2017-06-04,2,7,1,11940
2017,6,23,5,2017-06-05,2,1,0,11952
2017,6,23,6,2017-06-06,2,2,0,11971
2017,6,23,7,2017-06-07,2,3,0,11981
2017,6,23,8,2017-06-08,2,4,0,11992
2017,6,23,9,2017-06-09,2,5,0,12020
2017,6,23,10,2017-06-10,2,6,1,12039
2017,6,24,11,2017-06-11,2,7,1,12056
2017,6,24,12,2017-06-12,2,1,0,12079
2017,6,24,13,2017-06-13,2,2,0,12096
2017,6,24,14,2017-06-14,2,3,0,12108
2017,6,24,15,2017-06-15,2,4,0,12129
2017,6,24,16,2017-06-16,2,5,0,12156
2017,6,24,17,2017-06-17,2,6,1,12185
2017,6,25,18,2017-06-18,2,7,1,12206
2017,6,25,19,2017-06-19,2,1,0,12234
2017,6,25,20,2017-06-20,2,2,0,12252
2017,6,25,21,2017-06-21,2,3,0,12264
2017,6,25,22,2017-06-22,2,4,0,12276
2017,6,25,23,2017-06-23,2,5,0,12297
2017,6,25,24,2017-06-24,2,6,1,12308
2017,6,26,25,2017-06-25,2,7,1,12337
2017,6,26,26,2017-06-26,2,1,0,12371
2017,6,26,27,2017-06-27,2,2,0,12400
2017,6,26,28,2017-06-28,2,3,0,12412
2017,6,26,29,2017-06-29,2,4,0,12424
2017,6,26,30,2017-06-30,2,5,0,12437
2017,7,26,1,2017-07-01,3,6,1,12460
2017,7,27,2,2017-07-02,3,7,1,12498
2017,7,27,3,2017-07-03,3,1,0,12521
2017,7,27,4,2017-07-04,3,2,0,12551
2017,7,27,5,2017-07-05,3,3,0,12570
2017,7,27,6,2017-07-06,3,4,0,12585
2017,7,27,7,2017-07-07,3,5,0,12599
2017,7,27,8,2017-07-08,3,6,1,12613
2017,7,28,9,2017-07-09,3,7,1,12629
2017,7,28,10,2017-07-10,3,1,0,12643
2017,7,28,11,2017-07-11,3,2,0,12664
2017,7,28,12,2017-07-12,3,3,0,12686
2017,7,28,13,2017-07-13,3,4,0,12705
2017,7,28,14,2017-07-14,3,5,0,12718
2017,7,28,15,2017-07-15,3,6,1,12737
2017,7,29,16,2017-07-16,3,7,1,12765
2017,7,29,17,2017-07-17,3,1,0,12786
2017,7,29,18,2017-07-18,3,2,0,12819
2017,7,29,19,2017-07-19,3,3,0,12835
2017,7,29,20,2017-07-20,3,4,0,12846
2017,7,29,21,2017-07-21,3,5,0,12861
2017,7,29,22,2017-07-22,3,6,1,12876
2017,7,30,23,2017-07-23,3,7,1,12914
2017,7,30,24,2017-07-24,3,1,0,12931
2017,7,30,25,2017-07-25,3,2,0,12960
2017,7,30,26,2017-07-26,3,3,0,12974
2017,7,30,27,2017-07-27,3,4,0,12997
2017,7,30,28,2017-07-28,3,5,0,13014
2017,7,30,29,2017-07-29,3,6,1,13038
2017,7,31,30,2017-07-30,3,7,1,13071
2017,7,31,31,2017-07-31,3,1,0,13087
2017,8,31,1,2017-08-01,3,2,0,13116
2017,8,31,2,2017-08-02,3,3,0,13144
2017,8,31,3,2017-08-03,3,4,0,13159
2017,8,31,4,2017-08-04,3,5,0,13183
2017,8,31,5,2017-08-05,3,6,1,13212
2017,8,32,6,2017-08-06,3,7,1,13242
2017,8,32,7,2017-08-07,3,1,0,13273
2017,8,32,8,2017-08-08,3,2,0,13309
2017,8,32,9,2017-08-09,3,3,0,13319
2017,8,32,10,2017-08-10,3,4,0,13327
2017,8,32,11,2017-08-11,3,5,0,13342
2017,8,32,12,2017-08-12,3,6,1,13362
2017,8,33,13,2017-08-13,3,7,1,13382
2017,8,33,14,2017-08-14,3,1,0,13403
2017,8,33,15,2017-08-15,3,2,0,13433
2017,8,33,16,2017-08-16,3,3,0,13453
2017,8,33,17,2017-08-17,3,4,0,13469
2017,8,33,18,2017-08-18,3,5,0,13514
2017,8,33,19,2017-08-19,3,6,1,13537
2017,8,34,20,2017-08-20,3,7,1,13563
2017,8,34,21,2017-08-21,3,1,0,13585
2017,8,34,22,2017-08-22,3,2,0,13611
2017,8,34,23,2017-08-23,3,3,0,13618
2017,8,34,24,2017-08-24,3,4,0,13630
2017,8,34,25,2017-08-25,3,5,0,13657
2017,8,34,26,2017-08-26,3,6,1,13674
2017,8,35,27,2017-08-27,3,7,1,13705
2017,8,35,28,2017-08-28,3,1,0,13726
2017,8,35,29,2017-08-29,3,2,0,13763
2017,8,35,30,2017-08-30,3,3,0,13777
2017,8,35,31,2017-08-31,3,4,0,13790
2016,1,4,20,2016-01-20,1,3,0,13824
2015,12,50,9,2015-12-09,4,3,0,14091
2017,3,12,21,2017-03-21,1,2,0,14124
2016,1,3,11,2016-01-11,1,1,0,14180
2015,12,51,16,2015-12-16,4,3,0,14207
2015,11,48,22,2015-11-22,4,7,1,18513
2016,1,5,24,2016-01-24,1,7,1,20337
2016,3,11,6,2016-03-06,1,7,1,21684
2016,11,47,13,2016-11-13,4,7,1,30094
